<?xml version="1.0" encoding="UTF-8"?>
<project-private xmlns="http://www.netbeans.org/ns/project-private/1">
    <editor-bookmarks xmlns="http://www.netbeans.org/ns/editor-bookmarks/2" lastBookmarkId="0"/>
    <open-files xmlns="http://www.netbeans.org/ns/projectui-open-files/2">
        <group>
            <file>file:/opt/lampp/htdocs/Project/studentResults.php</file>
            <file>file:/opt/lampp/htdocs/Project/test2.php</file>
            <file>file:/opt/lampp/htdocs/Project/test.php</file>
            <file>file:/opt/lampp/htdocs/Project/editor.php</file>
            <file>file:/opt/lampp/htdocs/Project/teacherHomePage.php</file>
            <file>file:/opt/lampp/htdocs/Project/editorCSS.css</file>
            <file>file:/opt/lampp/htdocs/Project/viewResults.php</file>
            <file>file:/opt/lampp/htdocs/Project/studentHomePage.php</file>
            <file>file:/opt/lampp/htdocs/Project/teacherResults.php</file>
            <file>file:/opt/lampp/htdocs/Project/viewCode.php</file>
        </group>
    </open-files>
</project-private>
